User_ID,League_ID,Host_Flag,User_FirstName,User_LastName,User_Email
542876,158,FALSE,Dior,Morgan,dior_morgan94@gmail.com
318537,158,TRUE,Logan,Reilly,lm.reilly@gmail.com
458762,158,FALSE,Kea,Morales,keamorales1@gmail.com
743196,158,FALSE,Rob,Galloway,galloway92@hotmail.com
229463,158,FALSE,Bryce,Parker,baiszv10@gmail.com
182349,158,FALSE,Matt,Garcia,mattygarc_2010@gmail.com
357891,158,FALSE,Colin,Kim,kim.colin32@hotmail.com
617349,158,FALSE,La'a,Akiona,akilala@gmail.com